{
  "node::root": {
    "common.position": {
      "x": -1551.6609954187845,
      "y": -274.95380710230086
    }
  },
  "node::greeting": {
    "common.position": {
      "x": 1480,
      "y": -81.19049700932685
    }
  },
  "node::transfer_money": {
    "common.position": {
      "x": 1990.6991078669912,
      "y": -26.330621451743696
    }
  },
  "node::amount_conformation": {
    "common.position": {
      "x": 1799.953125,
      "y": 248.96875
    }
  },
  "node::from_account": {
    "common.position": {
      "x": 0,
      "y": 401.953125
    }
  },
  "node::to_account": {
    "common.position": {
      "x": 599.984375,
      "y": 433.4453125
    }
  },
  "node::account_conformation": {
    "common.position": {
      "x": 1199.96875,
      "y": 474.9375
    }
  },
  "node::transfer_conformation": {
    "common.position": {
      "x": 1799.953125,
      "y": 474.9375
    }
  },
  "node::process_transfer": {
    "common.position": {
      "x": 5710.594434306569,
      "y": 1341.6528284671535
    }
  },
  "node::transfer_confirmation": {
    "common.position": {
      "x": 5196.98296836983,
      "y": 1080.972171532847
    }
  },
  "node::account_confirmation": {
    "common.position": {
      "x": 4967.287847076491,
      "y": 816.0858146829286
    }
  },
  "node::resolve_target_account": {
    "common.position": {
      "x": 4585.561610674385,
      "y": 572.6636107253083
    }
  },
  "node::select_target_account": {
    "common.position": {
      "x": 4044.4768856447695,
      "y": 505.20681265206815
    }
  },
  "node::resolve_source_account": {
    "common.position": {
      "x": 3533.5279805352798,
      "y": 239.9026763990268
    }
  },
  "node::select_source_account": {
    "common.position": {
      "x": 3037.956204379562,
      "y": 135.47445255474452
    }
  },
  "node::amount_confirmation": {
    "common.position": {
      "x": 2528.8564476885645,
      "y": 53.625304136253135
    }
  },
  "node::new_node0": {
    "common.position": {
      "x": 1800,
      "y": 269.9602558736717
    }
  },
  "node::new_node1": {
    "common.position": {
      "x": 1191.7342613184617,
      "y": 484.1856655898592
    }
  },
  "node::repeat_or_ping_hangup": {
    "common.position": {
      "x": 1480,
      "y": -660.3319936565505
    }
  },
  "node::hello_hangup": {
    "common.position": {
      "x": 2080,
      "y": 898.2723955745955
    }
  },
  "node::dont_understand_hangup": {
    "common.position": {
      "x": 2080,
      "y": -903.7663851314871
    }
  },
  "node::positive_or_negative": {
    "common.position": {
      "x": 596.3306958058705,
      "y": 149.92769733579712
    }
  },
  "node::new_node2": {
    "common.position": {
      "x": 1200,
      "y": 314.98907148202187
    }
  },
  "node::next_or_not": {
    "common.position": {
      "x": 1136.804926541119,
      "y": 209.01538085617545
    }
  },
  "node::next_or_n": {
    "common.position": {
      "x": 213.36735612708327,
      "y": -178.43832501998543
    }
  },
  "node::negative": {
    "common.position": {
      "x": 880,
      "y": 56.98131172937384
    }
  },
  "node::positive": {
    "common.position": {
      "x": 600,
      "y": 452.7155118659144
    }
  },
  "node::succees": {
    "common.position": {
      "x": 880,
      "y": -160.16668319582905
    }
  },
  "node::do_you_want_to_buy": {
    "common.position": {
      "x": 45.19320993201445,
      "y": 189.7810391561981
    }
  },
  "node::number_question": {
    "common.position": {
      "x": -320,
      "y": -445.8803304828229
    }
  },
  "node::who_are_you": {
    "common.position": {
      "x": -691.7886231496657,
      "y": 216.58979458582468
    }
  },
  "node::greet": {
    "common.position": {
      "x": -1151.3545784282073,
      "y": -223.62004709311557
    }
  },
  "node::hangup": {
    "common.position": {
      "x": 2080,
      "y": -477.12692056334186
    }
  },
  "node::swear_words": {
    "common.position": {
      "x": 2080,
      "y": -392.2377199420325
    }
  },
  "node::sorry_wont_call": {
    "common.position": {
      "x": 2080,
      "y": -310.6318724032465
    }
  },
  "node::wait": {
    "common.position": {
      "x": 2080,
      "y": -234.07918193307273
    }
  },
  "node::ping": {
    "common.position": {
      "x": 2080,
      "y": -631.3244434201356
    }
  },
  "node::repeat": {
    "common.position": {
      "x": 2080,
      "y": -757.6558124960019
    }
  },
  "node::repeat_hangup_params": {
    "common.position": {
      "x": 2080,
      "y": -145.8762676672199
    }
  },
  "node::repeat_preprocessor": {
    "common.position": {
      "x": 2080,
      "y": -55.660938568649435
    }
  },
  "node::i_am_robot": {
    "common.position": {
      "x": 2080,
      "y": 36.7632853049491
    }
  },
  "node::hello_preprocessor": {
    "common.position": {
      "x": 2080,
      "y": 129.5308475522694
    }
  },
  "node::hello": {
    "common.position": {
      "x": 1480,
      "y": 845.8299306389472
    }
  },
  "node::dont_understand_preprocessor": {
    "common.position": {
      "x": 2080,
      "y": 212.23633563600163
    }
  },
  "node::dont_understand": {
    "common.position": {
      "x": 1480,
      "y": -920.7672851440417
    }
  },
  "node::dont_understand_hangup_params": {
    "common.position": {
      "x": 2080,
      "y": 293.07626731842754
    }
  },
  "node::can_hear_you": {
    "common.position": {
      "x": 2080,
      "y": 381.4260400156917
    }
  },
  "node::i_will_call_back": {
    "common.position": {
      "x": 2080,
      "y": 470.0299385713108
    }
  },
  "node::answering_machine": {
    "common.position": {
      "x": 2080,
      "y": 555.24004439418
    }
  }
}