{
  "node::root": {
    "common.position": {
      "x": 535.8739917495594,
      "y": 171.47545472005436
    }
  },
  "node::greeting": {
    "common.position": {
      "x": 1480,
      "y": -81.19049700932685
    }
  },
  "node::transfer_money": {
    "common.position": {
      "x": 1990.6991078669912,
      "y": -26.330621451743696
    }
  },
  "node::amount_conformation": {
    "common.position": {
      "x": 1799.953125,
      "y": 248.96875
    }
  },
  "node::from_account": {
    "common.position": {
      "x": 0,
      "y": 401.953125
    }
  },
  "node::to_account": {
    "common.position": {
      "x": 599.984375,
      "y": 433.4453125
    }
  },
  "node::account_conformation": {
    "common.position": {
      "x": 1199.96875,
      "y": 474.9375
    }
  },
  "node::transfer_conformation": {
    "common.position": {
      "x": 1799.953125,
      "y": 474.9375
    }
  },
  "node::process_transfer": {
    "common.position": {
      "x": 5710.594434306569,
      "y": 1341.6528284671535
    }
  },
  "node::transfer_confirmation": {
    "common.position": {
      "x": 5196.98296836983,
      "y": 1080.972171532847
    }
  },
  "node::account_confirmation": {
    "common.position": {
      "x": 4967.287847076491,
      "y": 816.0858146829286
    }
  },
  "node::resolve_target_account": {
    "common.position": {
      "x": 4585.561610674385,
      "y": 572.6636107253083
    }
  },
  "node::select_target_account": {
    "common.position": {
      "x": 4044.4768856447695,
      "y": 505.20681265206815
    }
  },
  "node::resolve_source_account": {
    "common.position": {
      "x": 3533.5279805352798,
      "y": 239.9026763990268
    }
  },
  "node::select_source_account": {
    "common.position": {
      "x": 3037.956204379562,
      "y": 135.47445255474452
    }
  },
  "node::amount_confirmation": {
    "common.position": {
      "x": 2528.8564476885645,
      "y": 53.625304136253135
    }
  },
  "node::new_node0": {
    "common.position": {
      "x": 1800,
      "y": 269.9602558736717
    }
  },
  "node::new_node1": {
    "common.position": {
      "x": 1191.7342613184617,
      "y": 484.1856655898592
    }
  },
  "node::repeat_or_ping_hangup": {
    "common.position": {
      "x": -438.3636715006058,
      "y": -226.3215915817312
    }
  },
  "node::hello_hangup": {
    "common.position": {
      "x": -460.3582333217101,
      "y": 49.023250607510136
    }
  },
  "node::dont_understand_hangup": {
    "common.position": {
      "x": -470.7727720305336,
      "y": 295.58140371478237
    }
  },
  "node::positive_or_negative": {
    "common.position": {
      "x": 596.3306958058705,
      "y": 149.92769733579712
    }
  },
  "node::new_node2": {
    "common.position": {
      "x": 1200,
      "y": 314.98907148202187
    }
  },
  "node::next_or_not": {
    "common.position": {
      "x": 1136.804926541119,
      "y": 209.01538085617545
    }
  },
  "node::next_or_n": {
    "common.position": {
      "x": 213.36735612708327,
      "y": -178.43832501998543
    }
  },
  "node::negative": {
    "common.position": {
      "x": 560.6827359950622,
      "y": 390.38704264717865
    }
  },
  "node::positive": {
    "common.position": {
      "x": 600,
      "y": 452.7155118659144
    }
  }
}